{
  "wavelengths": [
    400,
    410,
    420,
    430,
    440,
    450,
    460,
    470,
    480,
    490,
    500,
    510,
    520,
    530,
    540,
    550,
    560,
    570,
    580,
    590,
    600,
    610,
    620,
    630,
    640,
    650,
    660,
    670,
    680,
    690,
    700
  ],
  "channels": {
    "cw": {
      "values": [
        0.000278,
        0.00079,
        0.002032,
        0.004181,
        0.006566,
        0.007792,
        0.007093,
        0.005239,
        0.003628,
        0.002927,
        0.002949,
        0.003292,
        0.003704,
        0.004078,
        0.004371,
        0.004557,
        0.004621,
        0.004557,
        0.004371,
        0.004078,
        0.0037,
        0.003266,
        0.002803,
        0.00234,
        0.0019,
        0.0015,
        0.001152,
        0.000861,
        0.000625,
        0.000442,
        0.000304
      ],
      "gamma": 1.05,
      "efficacy": 1.0
    },
    "ww": {
      "values": [
        0.00054,
        0.001019,
        0.00165,
        0.002252,
        0.002593,
        0.002569,
        0.002291,
        0.001997,
        0.001872,
        0.001963,
        0.00222,
        0.002578,
        0.002992,
        0.003439,
        0.003908,
        0.004386,
        0.004853,
        0.005278,
        0.005622,
        0.005841,
        0.005896,
        0.005764,
        0.005445,
        0.004964,
        0.004367,
        0.003713,
        0.003059,
        0.002449,
        0.001913,
        0.001464,
        0.001101
      ],
      "gamma": 1.08,
      "efficacy": 1.0
    },
    "bl": {
      "values": [
        0.000103,
        0.00076,
        0.0036,
        0.010935,
        0.021299,
        0.026599,
        0.021299,
        0.010935,
        0.0036,
        0.00076,
        0.000103,
        0.000009,
        0.0,
        0.0,
        0.0,
        0.0,
        0.0,
        0.0,
        0.0,
        0.0,
        0.0,
        0.0,
        0.0,
        0.0,
        0.0,
        0.0,
        0.0,
        0.0,
        0.0,
        0.0,
        0.0
      ],
      "gamma": 1.0,
      "efficacy": 0.95
    },
    "rd": {
      "values": [
        0.0,
        0.0,
        0.0,
        0.0,
        0.0,
        0.0,
        0.0,
        0.0,
        0.0,
        0.0,
        0.0,
        0.0,
        0.0,
        0.0,
        0.0,
        0.0,
        0.0,
        0.0,
        0.000001,
        0.000012,
        0.000086,
        0.000471,
        0.001887,
        0.005558,
        0.012023,
        0.019102,
        0.02229,
        0.019102,
        0.012023,
        0.005558,
        0.001887
      ],
      "gamma": 1.02,
      "efficacy": 1.1
    }
  }
}
